epoch,train_loss,val_loss,train_path_log_prob,train_path_prob,train_leaf_acc,val_path_log_prob,val_path_acc,val_leaf_acc,val_target_path_prob,val_pred_path_prob,val_level_0_acc,val_level_1_acc,val_level_2_acc
1,1.7673402678111148,1.2408558809321766,-1.7673402648919807,0.23719630117373275,NOT_IMPLEMENTED,-1.2428590757057565,0.6219931271477663,0.6219931271477663,0.378447922371234,0.4699436946423193,0.7101947308132875,0.6334478808705613,0.6219931271477663
2,1.2047883676946298,1.0734786232720772,-1.204788367168507,0.3995801944429891,NOT_IMPLEMENTED,-1.076340179980006,0.6872852233676976,0.6872852233676976,0.5054342429252834,0.621139739728602,0.7938144329896907,0.697594501718213,0.6872852233676976
3,0.9499577127804382,1.0767035118248909,-0.9499577126276928,0.5030646456537051,NOT_IMPLEMENTED,-1.0796572889317626,0.6758304696449027,0.6758304696449027,0.49036885591443596,0.5930238837229017,0.7812142038946163,0.7044673539518901,0.6758304696449027
4,0.7591946626714259,1.069454667664486,-0.7591946626671829,0.5831532867918118,NOT_IMPLEMENTED,-1.071830039649758,0.6815578465063001,0.6815578465063001,0.5482118004103024,0.7078351743715598,0.8178694158075601,0.7342497136311569,0.6815578465063001
5,0.6301834488516687,0.9665478701835082,-0.630183449937858,0.6447159032801968,NOT_IMPLEMENTED,-0.9694151795060637,0.7067583046964491,0.7067583046964491,0.5702831528031129,0.6659595801794789,0.7961053837342497,0.7262313860252004,0.7067583046964491
6,0.5080959028468928,0.8799372065225488,-0.5080959031714767,0.7021444043513718,NOT_IMPLEMENTED,-0.8824900967012429,0.7537227949599083,0.7537227949599083,0.6341266598625008,0.7519023133034286,0.8625429553264605,0.8041237113402062,0.7537227949599083
7,0.4267857349923216,0.8800146624182253,-0.4267857340938817,0.7453170567072063,NOT_IMPLEMENTED,-0.8827069551947464,0.7686139747995419,0.7686139747995419,0.645840256962443,0.743857920442933,0.845360824742268,0.7835051546391752,0.7686139747995419
8,0.3511889086731822,0.8196820479362659,-0.35118890848888,0.7813166731242982,NOT_IMPLEMENTED,-0.822147036131305,0.7514318442153494,0.7514318442153494,0.64439457340885,0.7330480237050837,0.8373424971363116,0.7869415807560137,0.7514318442153494
9,0.28870789458973073,0.8388317027065444,-0.28870789441842254,0.8151665037680323,NOT_IMPLEMENTED,-0.8413638478445843,0.7617411225658648,0.7617411225658648,0.681930570394859,0.782265203515279,0.849942726231386,0.7926689576174112,0.7617411225658648
10,0.2441164798178585,0.9548130541886777,-0.24411647999234887,0.8402323946526491,NOT_IMPLEMENTED,-0.9577778908984154,0.7262313860252004,0.7262313860252004,0.6494288400822625,0.7788783393091899,0.8190148911798396,0.7823596792668958,0.7262313860252004
11,0.197957579955535,1.0531465339487138,-0.19795757898416982,0.8656778597275054,NOT_IMPLEMENTED,-1.0561902423870386,0.7250859106529209,0.7250859106529209,0.6664470592246978,0.817385819632846,0.8487972508591065,0.7812142038946163,0.7250859106529209
12,0.17720828355666024,0.9953316287392725,-0.1772082836836166,0.8800518482685904,NOT_IMPLEMENTED,-0.9978660001373612,0.7560137457044673,0.7560137457044673,0.682284115789136,0.82457023749783,0.8419243986254296,0.8098510882016037,0.7560137457044673
13,0.14783177169923967,0.8704938802583203,-0.14783177131750877,0.8976283121794666,NOT_IMPLEMENTED,-0.8732112811329985,0.720504009163803,0.720504009163803,0.6655550140968576,0.7964103683436723,0.847651775486827,0.7766323024054983,0.720504009163803
14,0.11765199810313433,1.1042751426724546,-0.11765199807661603,0.9136838350521405,NOT_IMPLEMENTED,-1.1079575472520953,0.7571592210767468,0.7571592210767468,0.6935994970566355,0.8399288640672262,0.86368843069874,0.8098510882016037,0.7571592210767468
15,0.10110802680122982,0.9912632353331141,-0.10110802731674551,0.9255558497066649,NOT_IMPLEMENTED,-0.9941972093822015,0.7376861397479955,0.7376861397479955,0.6846833584781091,0.8316675037452855,0.8419243986254296,0.7915234822451317,0.7376861397479955
16,0.09640898655020474,1.0994342209183352,-0.09640898575611435,0.9314599822621139,NOT_IMPLEMENTED,-1.103146682065599,0.7594501718213058,0.7594501718213058,0.7166336888505012,0.8682415135810738,0.849942726231386,0.8132875143184422,0.7594501718213058
17,0.07570700845717263,1.0258326782546214,-0.07570700845824993,0.9430138083484558,NOT_IMPLEMENTED,-1.0291881786263575,0.7628865979381443,0.7628865979381443,0.7259719875669971,0.8662976137824348,0.8419243986254296,0.8144329896907216,0.7628865979381443
18,0.06884108034196837,1.0671486544739626,-0.0688410803818784,0.9486360607970006,NOT_IMPLEMENTED,-1.070750142390043,0.7617411225658648,0.7617411225658648,0.7155046330899307,0.8655744280329002,0.870561282932417,0.8109965635738832,0.7617411225658648
19,0.05680374449592589,1.1464180082776987,-0.05680374458535884,0.9565490529721853,NOT_IMPLEMENTED,-1.150340302519816,0.7067583046964491,0.7067583046964491,0.6725507141661671,0.8512065207835325,0.8132875143184422,0.7651775486827033,0.7067583046964491
20,0.05408245047625907,1.2150049306254993,-0.05408245020786076,0.9600755526834849,NOT_IMPLEMENTED,-1.2190571180948513,0.7262313860252004,0.7262313860252004,0.705362585333751,0.8681766815475036,0.8487972508591065,0.7754868270332188,0.7262313860252004
21,0.048221507174853774,1.144700613292253,-0.048221507146835534,0.9641662378178099,NOT_IMPLEMENTED,-1.148581122793364,0.7651775486827033,0.7651775486827033,0.7238897941366503,0.8796331830587311,0.8487972508591065,0.8167239404352806,0.7651775486827033
22,0.042809716774850015,0.9134173484395001,-0.04280971659591781,0.9680328937353468,NOT_IMPLEMENTED,-0.9164858511362368,0.7686139747995419,0.7686139747995419,0.7332360612704308,0.8751287478761575,0.8487972508591065,0.8178694158075601,0.7686139747995419
23,0.04177534139700484,0.9532446996607211,-0.04177534127115894,0.9693502949079783,NOT_IMPLEMENTED,-0.9564241850510626,0.7605956471935853,0.7605956471935853,0.7264283416197472,0.8702424555026925,0.8361970217640321,0.8075601374570447,0.7605956471935853
24,0.03495122687653787,1.3273236413972562,-0.034951226712489056,0.9737154765729209,NOT_IMPLEMENTED,-1.3318251120094928,0.7537227949599083,0.7537227949599083,0.7232482812248964,0.8959293380499159,0.8419243986254296,0.8087056128293242,0.7537227949599083
25,0.030670672070518032,1.2959600401416072,-0.030670671856846857,0.97626273330632,NOT_IMPLEMENTED,-1.3003719152465574,0.7548682703321878,0.7548682703321878,0.7275304632498226,0.8834839196276146,0.854524627720504,0.8075601374570447,0.7548682703321878
26,0.02717979067624438,1.2117339377020064,-0.027179790734822365,0.9788097885855238,NOT_IMPLEMENTED,-1.2158563323954374,0.7331042382588774,0.7331042382588774,0.7116400200749864,0.896817346277379,0.8694158075601375,0.7869415807560137,0.7331042382588774
27,0.03398837543178587,1.2249952622747913,-0.03398837544634607,0.9753607433450521,NOT_IMPLEMENTED,-1.229140505041644,0.7285223367697594,0.7285223367697594,0.7050484974632831,0.8748289585659731,0.827033218785796,0.7812142038946163,0.7285223367697594
28,0.025269457004121535,0.9851536562521077,-0.0252694568850751,0.9812218417203508,NOT_IMPLEMENTED,-0.9885313579119921,0.7674684994272624,0.7674684994272624,0.7412159147950792,0.903113339774797,0.8442153493699885,0.8144329896907216,0.7674684994272624
29,0.027446095768350783,1.0285016827058837,-0.027446095684163476,0.98074091091786,NOT_IMPLEMENTED,-1.032032270053793,0.7628865979381443,0.7628865979381443,0.7426786693101076,0.9049630664877876,0.856815578465063,0.8109965635738832,0.7628865979381443
30,0.019794360714327,1.045192112404902,-0.01979436070936311,0.9845728564642556,NOT_IMPLEMENTED,-1.0487691584514733,0.7640320733104238,0.7640320733104238,0.7340865244092537,0.8876520359775592,0.8465063001145475,0.8224513172966781,0.7640320733104238
31,0.023035968166775646,1.198149746699449,-0.02303596792754591,0.984379357316771,NOT_IMPLEMENTED,-1.20226030163843,0.7651775486827033,0.7651775486827033,0.7447390177405577,0.9044744476829607,0.8865979381443299,0.8144329896907216,0.7651775486827033
32,0.02169731030897513,1.1830793342701222,-0.02169731024238106,0.9836638817618811,NOT_IMPLEMENTED,-1.1871269570254617,0.7571592210767468,0.7571592210767468,0.7402671398029568,0.9196298581218392,0.8625429553264605,0.8109965635738832,0.7571592210767468
33,0.022022175106878115,1.2359160346302058,-0.02202217492805364,0.9850465914994003,NOT_IMPLEMENTED,-1.2401336775313254,0.7422680412371134,0.7422680412371134,0.726926128615765,0.9060274568756558,0.8373424971363116,0.7949599083619702,0.7422680412371134
34,0.015178262205381024,1.3111484397875042,-0.015178262156134685,0.9888538346882562,NOT_IMPLEMENTED,-1.3156499186873287,0.736540664375716,0.736540664375716,0.7238006476069644,0.8969315552629556,0.852233676975945,0.7915234822451317,0.736540664375716
35,0.01917981265446677,1.1341362848872125,-0.019179812585363817,0.9854406687624091,NOT_IMPLEMENTED,-1.1380220853260126,0.7491408934707904,0.7491408934707904,0.7335361585720844,0.8927421530907097,0.8602520045819015,0.7983963344788088,0.7491408934707904
36,0.01828245670618729,1.333938242787786,-0.018282456715251163,0.9868078729422054,NOT_IMPLEMENTED,-1.3385050907780696,0.7674684994272624,0.7674684994272624,0.7470150682797819,0.9083991806531689,0.8820160366552119,0.8190148911798396,0.7674684994272624
37,0.01394562283156364,1.3701750374247692,-0.013945622811459456,0.9892780866329653,NOT_IMPLEMENTED,-1.3747226492374145,0.7457044673539519,0.7457044673539519,0.7306262190535853,0.9175146313603938,0.8224513172966781,0.7926689576174112,0.7457044673539519
38,0.014834593186920458,1.1804169217516844,-0.014834592983970548,0.9893941256071278,NOT_IMPLEMENTED,-1.1844510989118793,0.7479954180985109,0.7479954180985109,0.7345677922817986,0.9031560117163336,0.8556701030927835,0.7983963344788088,0.7479954180985109
39,0.015590586202746592,1.4622778282422562,-0.015590586223940512,0.9886776509616261,NOT_IMPLEMENTED,-1.4671667714475127,0.7273768613974799,0.7273768613974799,0.7188214032237609,0.8949884089544193,0.8419243986254296,0.7800687285223368,0.7273768613974799
40,0.014406538952235058,1.43240080135454,-0.01440653876870721,0.9899586210354042,NOT_IMPLEMENTED,-1.43667555604399,0.715922107674685,0.715922107674685,0.7051381383086944,0.9018796911081225,0.8419243986254296,0.7663230240549829,0.715922107674685
