epoch,sample_idx,pred_path,target_path,pred_leaf,target_leaf,correct_path,correct_leaf
1,0,"[2, 6, 6]","[0, 1, 3]",6,3,False,False
1,1,"[3, 7, 9]","[3, 7, 9]",9,9,True,True
1,2,"[3, 7, 9]","[2, 5, 0]",9,0,False,False
1,3,"[0, 1, 3]","[2, 4, 4]",3,4,False,False
1,4,"[0, 0, 2]","[1, 3, 8]",2,8,False,False
1,5,"[2, 4, 4]","[2, 4, 7]",4,7,False,False
1,6,"[3, 7, 9]","[2, 4, 4]",9,4,False,False
1,7,"[0, 0, 2]","[0, 0, 2]",2,2,True,True
1,8,"[2, 4, 4]","[2, 4, 7]",4,7,False,False
1,9,"[0, 0, 2]","[0, 0, 2]",2,2,True,True
1,10,"[0, 1, 3]","[2, 6, 6]",3,6,False,False
1,11,"[0, 1, 3]","[0, 1, 3]",3,3,True,True
1,12,"[3, 7, 9]","[3, 7, 9]",9,9,True,True
1,13,"[0, 1, 3]","[0, 1, 3]",3,3,True,True
1,14,"[3, 7, 9]","[2, 4, 7]",9,7,False,False
1,15,"[0, 1, 3]","[1, 2, 1]",3,1,False,False
1,16,"[0, 0, 2]","[0, 1, 3]",2,3,False,False
1,17,"[0, 0, 2]","[0, 0, 2]",2,2,True,True
1,18,"[3, 7, 9]","[3, 7, 9]",9,9,True,True
1,19,"[3, 7, 9]","[3, 7, 9]",9,9,True,True
1,20,"[0, 1, 3]","[1, 3, 8]",3,8,False,False
1,21,"[3, 7, 9]","[1, 3, 8]",9,8,False,False
1,22,"[0, 1, 3]","[2, 6, 6]",3,6,False,False
1,23,"[2, 4, 4]","[2, 4, 7]",4,7,False,False
1,24,"[0, 0, 2]","[0, 0, 2]",2,2,True,True
1,25,"[3, 7, 9]","[2, 5, 0]",9,0,False,False
1,26,"[2, 4, 4]","[3, 7, 9]",4,9,False,False
1,27,"[3, 7, 9]","[3, 7, 9]",9,9,True,True
1,28,"[3, 7, 9]","[0, 1, 3]",9,3,False,False
1,29,"[0, 0, 2]","[0, 1, 3]",2,3,False,False
1,30,"[0, 1, 3]","[2, 6, 6]",3,6,False,False
1,31,"[3, 7, 9]","[3, 7, 9]",9,9,True,True
1,32,"[0, 0, 2]","[2, 4, 7]",2,7,False,False
1,33,"[0, 1, 3]","[0, 1, 3]",3,3,True,True
1,34,"[0, 0, 2]","[0, 0, 2]",2,2,True,True
1,35,"[0, 1, 3]","[2, 4, 4]",3,4,False,False
1,36,"[0, 0, 2]","[2, 4, 7]",2,7,False,False
1,37,"[0, 0, 2]","[0, 1, 3]",2,3,False,False
1,38,"[3, 7, 9]","[0, 1, 3]",9,3,False,False
1,39,"[2, 4, 4]","[3, 7, 9]",4,9,False,False
1,40,"[3, 7, 9]","[2, 5, 0]",9,0,False,False
1,41,"[0, 0, 2]","[0, 0, 2]",2,2,True,True
1,42,"[0, 0, 2]","[0, 0, 2]",2,2,True,True
1,43,"[2, 4, 4]","[2, 4, 7]",4,7,False,False
1,44,"[0, 1, 3]","[1, 3, 8]",3,8,False,False
1,45,"[0, 0, 2]","[0, 0, 2]",2,2,True,True
1,46,"[3, 7, 9]","[3, 7, 9]",9,9,True,True
1,47,"[0, 0, 2]","[0, 1, 3]",2,3,False,False
1,48,"[3, 7, 9]","[3, 7, 9]",9,9,True,True
1,49,"[2, 4, 4]","[2, 4, 7]",4,7,False,False
1,50,"[0, 0, 2]","[0, 0, 2]",2,2,True,True
1,51,"[3, 7, 9]","[2, 4, 4]",9,4,False,False
1,52,"[2, 4, 4]","[2, 4, 7]",4,7,False,False
1,53,"[0, 0, 2]","[1, 3, 8]",2,8,False,False
1,54,"[3, 7, 9]","[0, 0, 2]",9,2,False,False
1,55,"[3, 7, 9]","[2, 5, 0]",9,0,False,False
1,56,"[3, 7, 9]","[2, 4, 4]",9,4,False,False
1,57,"[0, 0, 2]","[1, 3, 8]",2,8,False,False
1,58,"[2, 4, 4]","[2, 4, 7]",4,7,False,False
1,59,"[0, 0, 2]","[0, 0, 2]",2,2,True,True
1,60,"[0, 0, 2]","[1, 3, 8]",2,8,False,False
1,61,"[0, 1, 3]","[2, 6, 6]",3,6,False,False
1,62,"[0, 0, 2]","[0, 0, 2]",2,2,True,True
1,63,"[2, 4, 4]","[2, 4, 7]",4,7,False,False
1,64,"[0, 0, 2]","[0, 1, 3]",2,3,False,False
1,65,"[3, 7, 9]","[2, 5, 0]",9,0,False,False
1,66,"[3, 7, 9]","[3, 7, 9]",9,9,True,True
1,67,"[3, 7, 9]","[3, 7, 9]",9,9,True,True
1,68,"[0, 1, 3]","[1, 3, 8]",3,8,False,False
1,69,"[0, 0, 2]","[3, 7, 9]",2,9,False,False
1,70,"[2, 4, 4]","[2, 4, 7]",4,7,False,False
1,71,"[0, 1, 3]","[1, 2, 1]",3,1,False,False
1,72,"[3, 7, 9]","[3, 7, 9]",9,9,True,True
1,73,"[3, 7, 9]","[2, 5, 0]",9,0,False,False
1,74,"[3, 7, 9]","[0, 1, 3]",9,3,False,False
1,75,"[0, 0, 2]","[0, 1, 3]",2,3,False,False
1,76,"[3, 7, 9]","[2, 5, 0]",9,0,False,False
1,77,"[0, 1, 3]","[1, 2, 5]",3,5,False,False
1,78,"[0, 0, 2]","[0, 0, 2]",2,2,True,True
1,79,"[0, 1, 3]","[2, 4, 7]",3,7,False,False
1,80,"[0, 0, 2]","[0, 0, 2]",2,2,True,True
1,81,"[2, 4, 4]","[2, 4, 7]",4,7,False,False
1,82,"[0, 1, 3]","[2, 4, 7]",3,7,False,False
1,83,"[0, 1, 3]","[1, 3, 8]",3,8,False,False
1,84,"[2, 4, 4]","[2, 4, 4]",4,4,True,True
1,85,"[0, 1, 3]","[2, 6, 6]",3,6,False,False
1,86,"[0, 1, 3]","[2, 6, 6]",3,6,False,False
1,87,"[0, 0, 2]","[0, 1, 3]",2,3,False,False
1,88,"[0, 1, 3]","[2, 6, 6]",3,6,False,False
1,89,"[3, 7, 9]","[3, 7, 9]",9,9,True,True
1,90,"[0, 0, 2]","[0, 0, 2]",2,2,True,True
1,91,"[2, 4, 4]","[2, 4, 7]",4,7,False,False
1,92,"[0, 0, 2]","[0, 0, 2]",2,2,True,True
1,93,"[0, 1, 3]","[2, 4, 4]",3,4,False,False
1,94,"[2, 4, 4]","[2, 4, 4]",4,4,True,True
1,95,"[0, 0, 2]","[1, 3, 8]",2,8,False,False
1,96,"[2, 4, 4]","[2, 4, 7]",4,7,False,False
1,97,"[0, 0, 2]","[1, 3, 8]",2,8,False,False
1,98,"[0, 1, 3]","[0, 1, 3]",3,3,True,True
1,99,"[3, 7, 9]","[2, 4, 4]",9,4,False,False
1,100,"[3, 7, 9]","[2, 5, 0]",9,0,False,False
1,101,"[3, 7, 9]","[2, 5, 0]",9,0,False,False
1,102,"[0, 1, 3]","[0, 1, 3]",3,3,True,True
1,103,"[0, 1, 3]","[2, 6, 6]",3,6,False,False
1,104,"[2, 4, 4]","[2, 4, 4]",4,4,True,True
1,105,"[0, 1, 3]","[2, 6, 6]",3,6,False,False
1,106,"[3, 7, 9]","[0, 0, 2]",9,2,False,False
1,107,"[3, 7, 9]","[2, 4, 4]",9,4,False,False
1,108,"[0, 0, 2]","[1, 3, 8]",2,8,False,False
1,109,"[0, 0, 2]","[0, 0, 2]",2,2,True,True
1,110,"[2, 4, 4]","[1, 2, 5]",4,5,False,False
1,111,"[3, 7, 9]","[2, 4, 7]",9,7,False,False
1,112,"[0, 1, 3]","[1, 2, 1]",3,1,False,False
1,113,"[3, 7, 9]","[3, 7, 9]",9,9,True,True
1,114,"[2, 4, 4]","[2, 4, 7]",4,7,False,False
1,115,"[3, 7, 9]","[2, 5, 0]",9,0,False,False
1,116,"[3, 7, 9]","[1, 3, 8]",9,8,False,False
1,117,"[3, 7, 9]","[1, 2, 1]",9,1,False,False
1,118,"[3, 7, 9]","[0, 0, 2]",9,2,False,False
1,119,"[0, 0, 2]","[1, 3, 8]",2,8,False,False
1,120,"[2, 4, 4]","[2, 4, 7]",4,7,False,False
1,121,"[3, 7, 9]","[3, 7, 9]",9,9,True,True
1,122,"[0, 0, 2]","[0, 1, 3]",2,3,False,False
1,123,"[3, 7, 9]","[3, 7, 9]",9,9,True,True
1,124,"[3, 7, 9]","[3, 7, 9]",9,9,True,True
1,125,"[0, 0, 2]","[2, 4, 4]",2,4,False,False
1,126,"[3, 7, 9]","[2, 4, 4]",9,4,False,False
1,127,"[2, 4, 4]","[2, 4, 7]",4,7,False,False
1,128,"[0, 1, 3]","[1, 2, 1]",3,1,False,False
1,129,"[0, 0, 2]","[0, 0, 2]",2,2,True,True
1,130,"[0, 0, 2]","[0, 0, 2]",2,2,True,True
1,131,"[2, 4, 4]","[2, 4, 7]",4,7,False,False
1,132,"[2, 4, 4]","[2, 4, 4]",4,4,True,True
1,133,"[2, 4, 4]","[2, 4, 4]",4,4,True,True
1,134,"[2, 4, 4]","[2, 4, 7]",4,7,False,False
1,135,"[0, 1, 3]","[2, 6, 6]",3,6,False,False
1,136,"[2, 4, 4]","[2, 4, 7]",4,7,False,False
1,137,"[0, 0, 2]","[2, 4, 4]",2,4,False,False
1,138,"[3, 7, 9]","[3, 7, 9]",9,9,True,True
1,139,"[3, 7, 9]","[3, 7, 9]",9,9,True,True
1,140,"[0, 0, 2]","[0, 0, 2]",2,2,True,True
1,141,"[3, 7, 9]","[3, 7, 9]",9,9,True,True
1,142,"[0, 0, 2]","[1, 3, 8]",2,8,False,False
1,143,"[0, 0, 2]","[0, 1, 3]",2,3,False,False
1,144,"[3, 7, 9]","[1, 2, 1]",9,1,False,False
1,145,"[3, 7, 9]","[1, 3, 8]",9,8,False,False
1,146,"[3, 7, 9]","[2, 5, 0]",9,0,False,False
1,147,"[3, 7, 9]","[1, 2, 5]",9,5,False,False
1,148,"[3, 7, 9]","[2, 5, 0]",9,0,False,False
1,149,"[0, 1, 3]","[1, 2, 5]",3,5,False,False
1,150,"[2, 4, 4]","[1, 2, 5]",4,5,False,False
1,151,"[0, 1, 3]","[0, 1, 3]",3,3,True,True
1,152,"[2, 4, 4]","[1, 2, 5]",4,5,False,False
1,153,"[0, 0, 2]","[0, 0, 2]",2,2,True,True
1,154,"[0, 1, 3]","[0, 1, 3]",3,3,True,True
1,155,"[3, 7, 9]","[2, 4, 4]",9,4,False,False
1,156,"[3, 7, 9]","[2, 5, 0]",9,0,False,False
1,157,"[0, 1, 3]","[0, 1, 3]",3,3,True,True
1,158,"[3, 7, 9]","[3, 7, 9]",9,9,True,True
1,159,"[3, 7, 9]","[2, 4, 4]",9,4,False,False
1,160,"[0, 0, 2]","[0, 1, 3]",2,3,False,False
1,161,"[0, 1, 3]","[0, 1, 3]",3,3,True,True
1,162,"[3, 7, 9]","[1, 2, 5]",9,5,False,False
1,163,"[0, 0, 2]","[0, 0, 2]",2,2,True,True
1,164,"[0, 0, 2]","[0, 1, 3]",2,3,False,False
1,165,"[0, 1, 3]","[1, 3, 8]",3,8,False,False
1,166,"[2, 4, 4]","[2, 4, 7]",4,7,False,False
1,167,"[0, 0, 2]","[2, 4, 4]",2,4,False,False
1,168,"[3, 7, 9]","[3, 7, 9]",9,9,True,True
1,169,"[2, 4, 4]","[2, 4, 7]",4,7,False,False
1,170,"[0, 1, 3]","[2, 4, 7]",3,7,False,False
1,171,"[0, 0, 2]","[0, 0, 2]",2,2,True,True
1,172,"[3, 7, 9]","[0, 0, 2]",9,2,False,False
1,173,"[0, 1, 3]","[0, 1, 3]",3,3,True,True
1,174,"[2, 4, 4]","[2, 4, 7]",4,7,False,False
1,175,"[3, 7, 9]","[3, 7, 9]",9,9,True,True
1,176,"[0, 0, 2]","[2, 4, 4]",2,4,False,False
1,177,"[2, 4, 4]","[2, 4, 7]",4,7,False,False
1,178,"[0, 1, 3]","[1, 3, 8]",3,8,False,False
1,179,"[0, 0, 2]","[0, 0, 2]",2,2,True,True
1,180,"[3, 7, 9]","[1, 2, 5]",9,5,False,False
1,181,"[0, 1, 3]","[2, 4, 4]",3,4,False,False
1,182,"[3, 7, 9]","[3, 7, 9]",9,9,True,True
1,183,"[0, 1, 3]","[0, 1, 3]",3,3,True,True
1,184,"[3, 7, 9]","[3, 7, 9]",9,9,True,True
1,185,"[0, 1, 3]","[2, 6, 6]",3,6,False,False
1,186,"[0, 0, 2]","[0, 1, 3]",2,3,False,False
1,187,"[0, 1, 3]","[2, 6, 6]",3,6,False,False
1,188,"[2, 4, 4]","[1, 2, 5]",4,5,False,False
1,189,"[0, 0, 2]","[0, 0, 2]",2,2,True,True
1,190,"[3, 7, 9]","[2, 4, 4]",9,4,False,False
1,191,"[3, 7, 9]","[0, 0, 2]",9,2,False,False
1,192,"[0, 1, 3]","[2, 4, 7]",3,7,False,False
1,193,"[2, 4, 4]","[2, 4, 7]",4,7,False,False
1,194,"[0, 1, 3]","[1, 2, 1]",3,1,False,False
1,195,"[0, 0, 2]","[0, 1, 3]",2,3,False,False
1,196,"[3, 7, 9]","[1, 2, 5]",9,5,False,False
1,197,"[0, 0, 2]","[2, 4, 7]",2,7,False,False
1,198,"[3, 7, 9]","[2, 5, 0]",9,0,False,False
1,199,"[3, 7, 9]","[1, 2, 5]",9,5,False,False
1,200,"[3, 7, 9]","[2, 5, 0]",9,0,False,False
1,201,"[3, 7, 9]","[1, 2, 1]",9,1,False,False
1,202,"[3, 7, 9]","[1, 3, 8]",9,8,False,False
1,203,"[0, 1, 3]","[0, 1, 3]",3,3,True,True
1,204,"[0, 0, 2]","[2, 4, 4]",2,4,False,False
1,205,"[3, 7, 9]","[3, 7, 9]",9,9,True,True
1,206,"[0, 1, 3]","[2, 6, 6]",3,6,False,False
1,207,"[3, 7, 9]","[2, 5, 0]",9,0,False,False
1,208,"[2, 4, 4]","[2, 4, 4]",4,4,True,True
1,209,"[0, 0, 2]","[0, 0, 2]",2,2,True,True
1,210,"[3, 7, 9]","[2, 5, 0]",9,0,False,False
1,211,"[0, 0, 2]","[0, 1, 3]",2,3,False,False
1,212,"[3, 7, 9]","[1, 2, 5]",9,5,False,False
1,213,"[2, 4, 4]","[1, 2, 5]",4,5,False,False
1,214,"[3, 7, 9]","[1, 2, 5]",9,5,False,False
1,215,"[2, 4, 4]","[2, 4, 7]",4,7,False,False
1,216,"[0, 0, 2]","[3, 7, 9]",2,9,False,False
1,217,"[3, 7, 9]","[1, 2, 5]",9,5,False,False
1,218,"[0, 0, 2]","[1, 3, 8]",2,8,False,False
1,219,"[3, 7, 9]","[1, 2, 5]",9,5,False,False
1,220,"[0, 0, 2]","[0, 0, 2]",2,2,True,True
1,221,"[0, 0, 2]","[0, 0, 2]",2,2,True,True
1,222,"[3, 7, 9]","[2, 4, 4]",9,4,False,False
1,223,"[3, 7, 9]","[2, 5, 0]",9,0,False,False
1,224,"[2, 4, 4]","[2, 4, 4]",4,4,True,True
1,225,"[2, 4, 4]","[2, 4, 7]",4,7,False,False
1,226,"[0, 0, 2]","[0, 0, 2]",2,2,True,True
1,227,"[3, 7, 9]","[2, 5, 0]",9,0,False,False
1,228,"[2, 4, 4]","[2, 4, 7]",4,7,False,False
1,229,"[3, 7, 9]","[2, 5, 0]",9,0,False,False
1,230,"[3, 7, 9]","[2, 4, 4]",9,4,False,False
1,231,"[0, 1, 3]","[0, 1, 3]",3,3,True,True
1,232,"[3, 7, 9]","[1, 2, 5]",9,5,False,False
1,233,"[0, 0, 2]","[1, 3, 8]",2,8,False,False
1,234,"[3, 7, 9]","[2, 5, 0]",9,0,False,False
1,235,"[2, 4, 4]","[2, 4, 7]",4,7,False,False
1,236,"[3, 7, 9]","[1, 2, 5]",9,5,False,False
1,237,"[3, 7, 9]","[1, 2, 5]",9,5,False,False
1,238,"[2, 4, 4]","[1, 2, 5]",4,5,False,False
1,239,"[3, 7, 9]","[2, 5, 0]",9,0,False,False
1,240,"[0, 1, 3]","[2, 4, 4]",3,4,False,False
1,241,"[3, 7, 9]","[0, 1, 3]",9,3,False,False
1,242,"[2, 4, 4]","[2, 4, 4]",4,4,True,True
1,243,"[3, 7, 9]","[3, 7, 9]",9,9,True,True
1,244,"[3, 7, 9]","[2, 5, 0]",9,0,False,False
1,245,"[0, 0, 2]","[0, 0, 2]",2,2,True,True
1,246,"[3, 7, 9]","[3, 7, 9]",9,9,True,True
1,247,"[0, 1, 3]","[2, 4, 7]",3,7,False,False
1,248,"[3, 7, 9]","[0, 0, 2]",9,2,False,False
1,249,"[0, 1, 3]","[2, 4, 4]",3,4,False,False
1,250,"[3, 7, 9]","[3, 7, 9]",9,9,True,True
1,251,"[0, 0, 2]","[2, 4, 4]",2,4,False,False
1,252,"[3, 7, 9]","[1, 3, 8]",9,8,False,False
1,253,"[3, 7, 9]","[2, 5, 0]",9,0,False,False
1,254,"[3, 7, 9]","[2, 5, 0]",9,0,False,False
1,255,"[3, 7, 9]","[1, 2, 5]",9,5,False,False
1,256,"[0, 1, 3]","[2, 6, 6]",3,6,False,False
1,257,"[3, 7, 9]","[1, 2, 1]",9,1,False,False
1,258,"[0, 1, 3]","[2, 6, 6]",3,6,False,False
1,259,"[0, 0, 2]","[2, 4, 7]",2,7,False,False
1,260,"[3, 7, 9]","[2, 5, 0]",9,0,False,False
1,261,"[2, 4, 4]","[2, 4, 7]",4,7,False,False
1,262,"[3, 7, 9]","[0, 1, 3]",9,3,False,False
1,263,"[0, 1, 3]","[2, 4, 7]",3,7,False,False
1,264,"[3, 7, 9]","[1, 2, 5]",9,5,False,False
1,265,"[0, 1, 3]","[1, 2, 5]",3,5,False,False
1,266,"[2, 4, 4]","[2, 4, 7]",4,7,False,False
1,267,"[3, 7, 9]","[1, 2, 5]",9,5,False,False
1,268,"[0, 1, 3]","[2, 6, 6]",3,6,False,False
1,269,"[0, 1, 3]","[1, 2, 1]",3,1,False,False
1,270,"[2, 4, 4]","[2, 4, 7]",4,7,False,False
1,271,"[0, 1, 3]","[2, 6, 6]",3,6,False,False
1,272,"[0, 0, 2]","[0, 1, 3]",2,3,False,False
1,273,"[3, 7, 9]","[0, 1, 3]",9,3,False,False
1,274,"[3, 7, 9]","[2, 5, 0]",9,0,False,False
1,275,"[0, 0, 2]","[2, 4, 7]",2,7,False,False
1,276,"[0, 1, 3]","[2, 4, 4]",3,4,False,False
1,277,"[0, 1, 3]","[0, 1, 3]",3,3,True,True
1,278,"[3, 7, 9]","[1, 2, 1]",9,1,False,False
1,279,"[0, 1, 3]","[2, 4, 7]",3,7,False,False
1,280,"[3, 7, 9]","[1, 2, 5]",9,5,False,False
1,281,"[3, 7, 9]","[1, 3, 8]",9,8,False,False
1,282,"[3, 7, 9]","[2, 5, 0]",9,0,False,False
1,283,"[0, 0, 2]","[2, 4, 4]",2,4,False,False
1,284,"[2, 4, 4]","[2, 4, 7]",4,7,False,False
1,285,"[2, 4, 4]","[2, 4, 4]",4,4,True,True
1,286,"[3, 7, 9]","[0, 1, 3]",9,3,False,False
1,287,"[0, 0, 2]","[3, 7, 9]",2,9,False,False
1,288,"[0, 1, 3]","[0, 1, 3]",3,3,True,True
1,289,"[3, 7, 9]","[1, 2, 5]",9,5,False,False
1,290,"[2, 4, 4]","[2, 4, 7]",4,7,False,False
1,291,"[2, 4, 4]","[1, 2, 5]",4,5,False,False
1,292,"[3, 7, 9]","[1, 2, 5]",9,5,False,False
1,293,"[0, 1, 3]","[0, 1, 3]",3,3,True,True
1,294,"[0, 0, 2]","[1, 3, 8]",2,8,False,False
1,295,"[0, 0, 2]","[0, 1, 3]",2,3,False,False
1,296,"[0, 1, 3]","[0, 1, 3]",3,3,True,True
1,297,"[3, 7, 9]","[0, 0, 2]",9,2,False,False
1,298,"[3, 7, 9]","[3, 7, 9]",9,9,True,True
1,299,"[0, 1, 3]","[2, 4, 4]",3,4,False,False
1,300,"[2, 4, 4]","[2, 4, 7]",4,7,False,False
1,301,"[3, 7, 9]","[2, 4, 4]",9,4,False,False
1,302,"[3, 7, 9]","[2, 5, 0]",9,0,False,False
1,303,"[2, 4, 4]","[2, 4, 4]",4,4,True,True
1,304,"[3, 7, 9]","[2, 5, 0]",9,0,False,False
1,305,"[3, 7, 9]","[0, 0, 2]",9,2,False,False
1,306,"[3, 7, 9]","[2, 5, 0]",9,0,False,False
1,307,"[3, 7, 9]","[2, 4, 4]",9,4,False,False
1,308,"[2, 4, 4]","[2, 4, 7]",4,7,False,False
1,309,"[0, 0, 2]","[0, 1, 3]",2,3,False,False
1,310,"[0, 0, 2]","[0, 0, 2]",2,2,True,True
1,311,"[0, 0, 2]","[0, 0, 2]",2,2,True,True
1,312,"[0, 0, 2]","[1, 3, 8]",2,8,False,False
1,313,"[3, 7, 9]","[1, 2, 5]",9,5,False,False
1,314,"[2, 4, 4]","[1, 2, 5]",4,5,False,False
1,315,"[3, 7, 9]","[1, 2, 5]",9,5,False,False
1,316,"[2, 4, 4]","[2, 4, 7]",4,7,False,False
1,317,"[3, 7, 9]","[3, 7, 9]",9,9,True,True
1,318,"[0, 0, 2]","[3, 7, 9]",2,9,False,False
1,319,"[3, 7, 9]","[0, 1, 3]",9,3,False,False
1,320,"[3, 7, 9]","[3, 7, 9]",9,9,True,True
1,321,"[0, 0, 2]","[0, 1, 3]",2,3,False,False
1,322,"[0, 0, 2]","[0, 0, 2]",2,2,True,True
1,323,"[3, 7, 9]","[0, 1, 3]",9,3,False,False
1,324,"[2, 4, 4]","[2, 4, 4]",4,4,True,True
1,325,"[0, 0, 2]","[2, 4, 4]",2,4,False,False
1,326,"[3, 7, 9]","[1, 3, 8]",9,8,False,False
1,327,"[0, 1, 3]","[1, 2, 1]",3,1,False,False
1,328,"[3, 7, 9]","[1, 2, 1]",9,1,False,False
1,329,"[0, 0, 2]","[0, 1, 3]",2,3,False,False
1,330,"[3, 7, 9]","[1, 2, 5]",9,5,False,False
1,331,"[3, 7, 9]","[2, 5, 0]",9,0,False,False
1,332,"[0, 0, 2]","[2, 4, 7]",2,7,False,False
1,333,"[2, 4, 4]","[2, 4, 7]",4,7,False,False
1,334,"[3, 7, 9]","[3, 7, 9]",9,9,True,True
1,335,"[3, 7, 9]","[1, 2, 5]",9,5,False,False
1,336,"[2, 4, 4]","[2, 4, 7]",4,7,False,False
1,337,"[0, 0, 2]","[2, 4, 7]",2,7,False,False
1,338,"[3, 7, 9]","[2, 5, 0]",9,0,False,False
1,339,"[2, 4, 4]","[2, 4, 7]",4,7,False,False
1,340,"[3, 7, 9]","[1, 3, 8]",9,8,False,False
1,341,"[0, 0, 2]","[0, 0, 2]",2,2,True,True
1,342,"[3, 7, 9]","[2, 5, 0]",9,0,False,False
1,343,"[3, 7, 9]","[3, 7, 9]",9,9,True,True
1,344,"[3, 7, 9]","[1, 2, 5]",9,5,False,False
1,345,"[3, 7, 9]","[1, 2, 1]",9,1,False,False
1,346,"[0, 0, 2]","[0, 1, 3]",2,3,False,False
1,347,"[3, 7, 9]","[3, 7, 9]",9,9,True,True
1,348,"[3, 7, 9]","[3, 7, 9]",9,9,True,True
1,349,"[3, 7, 9]","[3, 7, 9]",9,9,True,True
1,350,"[0, 0, 2]","[0, 0, 2]",2,2,True,True
1,351,"[0, 0, 2]","[2, 4, 4]",2,4,False,False
1,352,"[2, 4, 4]","[2, 4, 7]",4,7,False,False
1,353,"[0, 0, 2]","[0, 1, 3]",2,3,False,False
1,354,"[0, 0, 2]","[1, 3, 8]",2,8,False,False
1,355,"[0, 0, 2]","[1, 2, 1]",2,1,False,False
1,356,"[3, 7, 9]","[2, 5, 0]",9,0,False,False
1,357,"[3, 7, 9]","[1, 2, 5]",9,5,False,False
1,358,"[0, 0, 2]","[1, 3, 8]",2,8,False,False
1,359,"[2, 4, 4]","[1, 2, 5]",4,5,False,False
1,360,"[3, 7, 9]","[1, 2, 5]",9,5,False,False
1,361,"[0, 0, 2]","[2, 5, 0]",2,0,False,False
1,362,"[3, 7, 9]","[0, 0, 2]",9,2,False,False
1,363,"[3, 7, 9]","[2, 5, 0]",9,0,False,False
1,364,"[3, 7, 9]","[1, 2, 5]",9,5,False,False
1,365,"[2, 4, 4]","[2, 4, 7]",4,7,False,False
1,366,"[3, 7, 9]","[2, 4, 4]",9,4,False,False
1,367,"[3, 7, 9]","[2, 5, 0]",9,0,False,False
1,368,"[3, 7, 9]","[2, 5, 0]",9,0,False,False
1,369,"[3, 7, 9]","[2, 4, 4]",9,4,False,False
1,370,"[3, 7, 9]","[1, 2, 5]",9,5,False,False
1,371,"[2, 4, 4]","[2, 4, 7]",4,7,False,False
1,372,"[3, 7, 9]","[2, 4, 4]",9,4,False,False
1,373,"[0, 0, 2]","[0, 0, 2]",2,2,True,True
1,374,"[0, 1, 3]","[2, 4, 7]",3,7,False,False
1,375,"[0, 0, 2]","[0, 0, 2]",2,2,True,True
1,376,"[3, 7, 9]","[3, 7, 9]",9,9,True,True
1,377,"[3, 7, 9]","[0, 0, 2]",9,2,False,False
1,378,"[0, 0, 2]","[0, 0, 2]",2,2,True,True
1,379,"[3, 7, 9]","[0, 0, 2]",9,2,False,False
1,380,"[0, 0, 2]","[1, 3, 8]",2,8,False,False
1,381,"[3, 7, 9]","[1, 2, 5]",9,5,False,False
1,382,"[2, 4, 4]","[1, 2, 5]",4,5,False,False
1,383,"[3, 7, 9]","[1, 2, 5]",9,5,False,False
1,384,"[0, 0, 2]","[1, 3, 8]",2,8,False,False
1,385,"[0, 0, 2]","[1, 2, 1]",2,1,False,False
1,386,"[0, 1, 3]","[2, 6, 6]",3,6,False,False
1,387,"[0, 1, 3]","[2, 6, 6]",3,6,False,False
1,388,"[0, 0, 2]","[0, 1, 3]",2,3,False,False
1,389,"[0, 0, 2]","[0, 1, 3]",2,3,False,False
1,390,"[2, 4, 4]","[2, 4, 7]",4,7,False,False
1,391,"[3, 7, 9]","[3, 7, 9]",9,9,True,True
1,392,"[0, 0, 2]","[2, 4, 4]",2,4,False,False
1,393,"[3, 7, 9]","[1, 2, 5]",9,5,False,False
1,394,"[3, 7, 9]","[1, 2, 1]",9,1,False,False
1,395,"[3, 7, 9]","[2, 5, 0]",9,0,False,False
1,396,"[0, 1, 3]","[2, 4, 4]",3,4,False,False
1,397,"[3, 7, 9]","[1, 3, 8]",9,8,False,False
1,398,"[2, 4, 4]","[2, 4, 7]",4,7,False,False
1,399,"[0, 1, 3]","[0, 1, 3]",3,3,True,True
1,400,"[3, 7, 9]","[0, 1, 3]",9,3,False,False
1,401,"[3, 7, 9]","[2, 5, 0]",9,0,False,False
1,402,"[2, 4, 4]","[2, 4, 4]",4,4,True,True
1,403,"[0, 1, 3]","[0, 1, 3]",3,3,True,True
1,404,"[3, 7, 9]","[1, 2, 1]",9,1,False,False
1,405,"[3, 7, 9]","[0, 1, 3]",9,3,False,False
1,406,"[3, 7, 9]","[2, 5, 0]",9,0,False,False
1,407,"[2, 4, 4]","[2, 4, 7]",4,7,False,False
1,408,"[3, 7, 9]","[1, 3, 8]",9,8,False,False
1,409,"[3, 7, 9]","[1, 2, 1]",9,1,False,False
1,410,"[3, 7, 9]","[3, 7, 9]",9,9,True,True
1,411,"[3, 7, 9]","[1, 2, 5]",9,5,False,False
1,412,"[0, 1, 3]","[0, 1, 3]",3,3,True,True
1,413,"[3, 7, 9]","[3, 7, 9]",9,9,True,True
1,414,"[3, 7, 9]","[3, 7, 9]",9,9,True,True
1,415,"[3, 7, 9]","[3, 7, 9]",9,9,True,True
1,416,"[2, 4, 4]","[2, 4, 7]",4,7,False,False
1,417,"[0, 0, 2]","[2, 4, 4]",2,4,False,False
1,418,"[0, 0, 2]","[0, 1, 3]",2,3,False,False
1,419,"[0, 0, 2]","[0, 1, 3]",2,3,False,False
1,420,"[2, 4, 4]","[2, 4, 4]",4,4,True,True
1,421,"[3, 7, 9]","[0, 1, 3]",9,3,False,False
1,422,"[0, 0, 2]","[1, 3, 8]",2,8,False,False
1,423,"[3, 7, 9]","[2, 5, 0]",9,0,False,False
1,424,"[2, 4, 4]","[1, 2, 5]",4,5,False,False
1,425,"[3, 7, 9]","[1, 2, 5]",9,5,False,False
1,426,"[3, 7, 9]","[2, 5, 0]",9,0,False,False
1,427,"[3, 7, 9]","[1, 2, 5]",9,5,False,False
1,428,"[2, 4, 4]","[2, 4, 7]",4,7,False,False
1,429,"[0, 0, 2]","[2, 5, 0]",2,0,False,False
1,430,"[3, 7, 9]","[3, 7, 9]",9,9,True,True
1,431,"[0, 0, 2]","[0, 0, 2]",2,2,True,True
1,432,"[0, 1, 3]","[2, 6, 6]",3,6,False,False
1,433,"[0, 1, 3]","[2, 6, 6]",3,6,False,False
1,434,"[2, 4, 4]","[2, 4, 4]",4,4,True,True
1,435,"[3, 7, 9]","[3, 7, 9]",9,9,True,True
1,436,"[0, 1, 3]","[2, 6, 6]",3,6,False,False
1,437,"[3, 7, 9]","[2, 4, 4]",9,4,False,False
1,438,"[3, 7, 9]","[2, 4, 4]",9,4,False,False
1,439,"[3, 7, 9]","[2, 5, 0]",9,0,False,False
1,440,"[2, 4, 4]","[2, 4, 7]",4,7,False,False
1,441,"[2, 4, 4]","[2, 4, 7]",4,7,False,False
1,442,"[2, 5, 0]","[2, 4, 4]",0,4,False,False
1,443,"[3, 7, 9]","[2, 5, 0]",9,0,False,False
1,444,"[3, 7, 9]","[2, 4, 4]",9,4,False,False
1,445,"[3, 7, 9]","[0, 0, 2]",9,2,False,False
1,446,"[0, 0, 2]","[0, 0, 2]",2,2,True,True
1,447,"[3, 7, 9]","[2, 5, 0]",9,0,False,False
1,448,"[0, 0, 2]","[0, 0, 2]",2,2,True,True
1,449,"[0, 0, 2]","[0, 0, 2]",2,2,True,True
1,450,"[0, 0, 2]","[2, 5, 0]",2,0,False,False
1,451,"[3, 7, 9]","[1, 2, 5]",9,5,False,False
1,452,"[3, 7, 9]","[1, 2, 5]",9,5,False,False
1,453,"[2, 4, 4]","[1, 2, 5]",4,5,False,False
1,454,"[3, 7, 9]","[2, 5, 0]",9,0,False,False
1,455,"[0, 0, 2]","[1, 3, 8]",2,8,False,False
1,456,"[0, 0, 2]","[0, 1, 3]",2,3,False,False
1,457,"[3, 7, 9]","[0, 1, 3]",9,3,False,False
1,458,"[2, 4, 4]","[2, 4, 4]",4,4,True,True
1,459,"[3, 7, 9]","[0, 0, 2]",9,2,False,False
1,460,"[0, 0, 2]","[0, 1, 3]",2,3,False,False
1,461,"[0, 0, 2]","[2, 4, 4]",2,4,False,False
1,462,"[2, 4, 4]","[2, 4, 7]",4,7,False,False
1,463,"[0, 0, 2]","[0, 0, 2]",2,2,True,True
1,464,"[3, 7, 9]","[1, 2, 1]",9,1,False,False
1,465,"[3, 7, 9]","[1, 2, 5]",9,5,False,False
1,466,"[3, 7, 9]","[2, 5, 0]",9,0,False,False
1,467,"[3, 7, 9]","[1, 3, 8]",9,8,False,False
1,468,"[2, 4, 4]","[2, 4, 7]",4,7,False,False
1,469,"[3, 7, 9]","[1, 2, 5]",9,5,False,False
1,470,"[0, 0, 2]","[0, 1, 3]",2,3,False,False
1,471,"[0, 0, 2]","[2, 4, 4]",2,4,False,False
1,472,"[0, 0, 2]","[2, 4, 7]",2,7,False,False
1,473,"[2, 4, 4]","[2, 4, 7]",4,7,False,False
1,474,"[3, 7, 9]","[0, 1, 3]",9,3,False,False
1,475,"[3, 7, 9]","[0, 1, 3]",9,3,False,False
1,476,"[3, 7, 9]","[2, 5, 0]",9,0,False,False
1,477,"[3, 7, 9]","[1, 2, 5]",9,5,False,False
1,478,"[3, 7, 9]","[3, 7, 9]",9,9,True,True
1,479,"[3, 7, 9]","[2, 5, 0]",9,0,False,False
1,480,"[0, 0, 2]","[3, 7, 9]",2,9,False,False
1,481,"[3, 7, 9]","[1, 2, 5]",9,5,False,False
1,482,"[0, 1, 3]","[0, 1, 3]",3,3,True,True
1,483,"[0, 1, 3]","[2, 6, 6]",3,6,False,False
1,484,"[3, 7, 9]","[2, 5, 0]",9,0,False,False
1,485,"[0, 0, 2]","[1, 3, 8]",2,8,False,False
1,486,"[2, 4, 4]","[2, 4, 7]",4,7,False,False
1,487,"[3, 7, 9]","[0, 0, 2]",9,2,False,False
1,488,"[0, 0, 2]","[0, 0, 2]",2,2,True,True
1,489,"[0, 0, 2]","[0, 0, 2]",2,2,True,True
1,490,"[3, 7, 9]","[0, 0, 2]",9,2,False,False
1,491,"[3, 7, 9]","[1, 2, 5]",9,5,False,False
1,492,"[3, 7, 9]","[2, 4, 4]",9,4,False,False
1,493,"[3, 7, 9]","[0, 0, 2]",9,2,False,False
1,494,"[3, 7, 9]","[1, 2, 5]",9,5,False,False
1,495,"[2, 4, 4]","[2, 4, 4]",4,4,True,True
1,496,"[3, 7, 9]","[2, 4, 4]",9,4,False,False
1,497,"[0, 1, 3]","[1, 2, 1]",3,1,False,False
1,498,"[3, 7, 9]","[0, 0, 2]",9,2,False,False
1,499,"[0, 1, 3]","[1, 3, 8]",3,8,False,False
1,500,"[0, 0, 2]","[1, 3, 8]",2,8,False,False
1,501,"[3, 7, 9]","[2, 5, 0]",9,0,False,False
1,502,"[3, 7, 9]","[2, 5, 0]",9,0,False,False
1,503,"[0, 1, 3]","[1, 3, 8]",3,8,False,False
1,504,"[2, 4, 4]","[2, 4, 4]",4,4,True,True
1,505,"[3, 7, 9]","[1, 2, 5]",9,5,False,False
1,506,"[3, 7, 9]","[3, 7, 9]",9,9,True,True
1,507,"[0, 0, 2]","[0, 0, 2]",2,2,True,True
1,508,"[3, 7, 9]","[2, 5, 0]",9,0,False,False
1,509,"[3, 7, 9]","[3, 7, 9]",9,9,True,True
1,510,"[3, 7, 9]","[3, 7, 9]",9,9,True,True
1,511,"[3, 7, 9]","[1, 2, 5]",9,5,False,False
1,512,"[0, 0, 2]","[0, 1, 3]",2,3,False,False
1,513,"[3, 7, 9]","[2, 5, 0]",9,0,False,False
1,514,"[3, 7, 9]","[2, 5, 0]",9,0,False,False
1,515,"[3, 7, 9]","[3, 7, 9]",9,9,True,True
1,516,"[2, 4, 4]","[2, 4, 7]",4,7,False,False
1,517,"[3, 7, 9]","[3, 7, 9]",9,9,True,True
1,518,"[0, 0, 2]","[2, 4, 4]",2,4,False,False
1,519,"[0, 0, 2]","[2, 4, 4]",2,4,False,False
1,520,"[3, 7, 9]","[3, 7, 9]",9,9,True,True
1,521,"[3, 7, 9]","[0, 1, 3]",9,3,False,False
1,522,"[3, 7, 9]","[3, 7, 9]",9,9,True,True
1,523,"[3, 7, 9]","[3, 7, 9]",9,9,True,True
1,524,"[0, 0, 2]","[0, 0, 2]",2,2,True,True
1,525,"[3, 7, 9]","[1, 2, 5]",9,5,False,False
1,526,"[3, 7, 9]","[2, 5, 0]",9,0,False,False
1,527,"[3, 7, 9]","[0, 1, 3]",9,3,False,False
1,528,"[0, 0, 2]","[3, 7, 9]",2,9,False,False
1,529,"[0, 1, 3]","[1, 2, 1]",3,1,False,False
1,530,"[3, 7, 9]","[1, 2, 5]",9,5,False,False
1,531,"[3, 7, 9]","[2, 5, 0]",9,0,False,False
1,532,"[0, 0, 2]","[1, 3, 8]",2,8,False,False
1,533,"[3, 7, 9]","[0, 1, 3]",9,3,False,False
1,534,"[0, 0, 2]","[1, 3, 8]",2,8,False,False
1,535,"[0, 0, 2]","[0, 0, 2]",2,2,True,True
1,536,"[3, 7, 9]","[2, 5, 0]",9,0,False,False
1,537,"[2, 5, 0]","[2, 4, 4]",0,4,False,False
1,538,"[2, 4, 4]","[2, 4, 4]",4,4,True,True
1,539,"[3, 7, 9]","[1, 2, 5]",9,5,False,False
1,540,"[0, 1, 3]","[2, 6, 6]",3,6,False,False
1,541,"[3, 7, 9]","[1, 2, 5]",9,5,False,False
1,542,"[2, 4, 4]","[2, 4, 4]",4,4,True,True
1,543,"[3, 7, 9]","[2, 5, 0]",9,0,False,False
1,544,"[2, 4, 4]","[2, 4, 4]",4,4,True,True
1,545,"[2, 4, 4]","[2, 4, 7]",4,7,False,False
1,546,"[3, 7, 9]","[2, 5, 0]",9,0,False,False
1,547,"[0, 0, 2]","[0, 0, 2]",2,2,True,True
1,548,"[0, 0, 2]","[1, 3, 8]",2,8,False,False
1,549,"[3, 7, 9]","[2, 5, 0]",9,0,False,False
1,550,"[0, 1, 3]","[0, 0, 2]",3,2,False,False
1,551,"[3, 7, 9]","[1, 2, 5]",9,5,False,False
1,552,"[3, 7, 9]","[2, 5, 0]",9,0,False,False
1,553,"[0, 0, 2]","[0, 0, 2]",2,2,True,True
1,554,"[3, 7, 9]","[0, 1, 3]",9,3,False,False
1,555,"[0, 1, 3]","[2, 6, 6]",3,6,False,False
1,556,"[3, 7, 9]","[2, 5, 0]",9,0,False,False
1,557,"[3, 7, 9]","[1, 2, 5]",9,5,False,False
1,558,"[3, 7, 9]","[2, 5, 0]",9,0,False,False
1,559,"[0, 0, 2]","[0, 1, 3]",2,3,False,False
1,560,"[3, 7, 9]","[2, 5, 0]",9,0,False,False
1,561,"[3, 7, 9]","[3, 7, 9]",9,9,True,True
1,562,"[0, 1, 3]","[2, 4, 7]",3,7,False,False
1,563,"[0, 0, 2]","[0, 0, 2]",2,2,True,True
1,564,"[3, 7, 9]","[0, 1, 3]",9,3,False,False
1,565,"[2, 4, 4]","[2, 4, 7]",4,7,False,False
1,566,"[0, 0, 2]","[2, 4, 4]",2,4,False,False
1,567,"[2, 4, 4]","[2, 4, 7]",4,7,False,False
1,568,"[0, 0, 2]","[2, 4, 4]",2,4,False,False
1,569,"[3, 7, 9]","[1, 2, 5]",9,5,False,False
1,570,"[2, 4, 4]","[2, 4, 7]",4,7,False,False
1,571,"[3, 7, 9]","[2, 5, 0]",9,0,False,False
1,572,"[3, 7, 9]","[1, 2, 5]",9,5,False,False
1,573,"[0, 0, 2]","[0, 0, 2]",2,2,True,True
1,574,"[0, 0, 2]","[2, 4, 4]",2,4,False,False
1,575,"[2, 4, 4]","[2, 4, 7]",4,7,False,False
1,576,"[3, 7, 9]","[3, 7, 9]",9,9,True,True
1,577,"[0, 1, 3]","[0, 1, 3]",3,3,True,True
1,578,"[0, 1, 3]","[0, 1, 3]",3,3,True,True
1,579,"[3, 7, 9]","[2, 5, 0]",9,0,False,False
1,580,"[0, 1, 3]","[0, 1, 3]",3,3,True,True
1,581,"[3, 7, 9]","[2, 5, 0]",9,0,False,False
1,582,"[0, 0, 2]","[1, 3, 8]",2,8,False,False
1,583,"[0, 0, 2]","[3, 7, 9]",2,9,False,False
1,584,"[3, 7, 9]","[1, 2, 5]",9,5,False,False
1,585,"[0, 0, 2]","[0, 0, 2]",2,2,True,True
1,586,"[0, 0, 2]","[0, 0, 2]",2,2,True,True
1,587,"[0, 1, 3]","[2, 4, 7]",3,7,False,False
1,588,"[3, 7, 9]","[2, 4, 4]",9,4,False,False
1,589,"[3, 7, 9]","[1, 2, 5]",9,5,False,False
1,590,"[3, 7, 9]","[2, 5, 0]",9,0,False,False
1,591,"[3, 7, 9]","[0, 0, 2]",9,2,False,False
1,592,"[3, 7, 9]","[0, 0, 2]",9,2,False,False
1,593,"[3, 7, 9]","[2, 5, 0]",9,0,False,False
1,594,"[3, 7, 9]","[1, 2, 5]",9,5,False,False
1,595,"[0, 0, 2]","[3, 7, 9]",2,9,False,False
1,596,"[3, 7, 9]","[2, 4, 4]",9,4,False,False
1,597,"[0, 0, 2]","[0, 1, 3]",2,3,False,False
1,598,"[3, 7, 9]","[1, 2, 5]",9,5,False,False
1,599,"[2, 4, 4]","[2, 5, 0]",4,0,False,False
1,600,"[0, 0, 2]","[1, 3, 8]",2,8,False,False
1,601,"[3, 7, 9]","[2, 5, 0]",9,0,False,False
1,602,"[3, 7, 9]","[2, 5, 0]",9,0,False,False
1,603,"[3, 7, 9]","[2, 4, 4]",9,4,False,False
1,604,"[3, 7, 9]","[3, 7, 9]",9,9,True,True
1,605,"[0, 1, 3]","[1, 3, 8]",3,8,False,False
1,606,"[0, 0, 2]","[2, 4, 4]",2,4,False,False
1,607,"[0, 1, 3]","[1, 2, 1]",3,1,False,False
1,608,"[0, 0, 2]","[0, 0, 2]",2,2,True,True
1,609,"[3, 7, 9]","[1, 2, 5]",9,5,False,False
1,610,"[3, 7, 9]","[2, 5, 0]",9,0,False,False
1,611,"[0, 1, 3]","[1, 3, 8]",3,8,False,False
1,612,"[0, 0, 2]","[0, 1, 3]",2,3,False,False
1,613,"[0, 0, 2]","[2, 4, 4]",2,4,False,False
1,614,"[2, 4, 4]","[2, 4, 7]",4,7,False,False
1,615,"[2, 4, 4]","[2, 4, 7]",4,7,False,False
1,616,"[0, 0, 2]","[2, 4, 4]",2,4,False,False
1,617,"[3, 7, 9]","[1, 2, 5]",9,5,False,False
1,618,"[3, 7, 9]","[2, 4, 7]",9,7,False,False
1,619,"[0, 1, 3]","[2, 6, 6]",3,6,False,False
1,620,"[3, 7, 9]","[3, 7, 9]",9,9,True,True
1,621,"[3, 7, 9]","[0, 0, 2]",9,2,False,False
1,622,"[3, 7, 9]","[0, 1, 3]",9,3,False,False
1,623,"[0, 1, 3]","[1, 3, 8]",3,8,False,False
1,624,"[3, 7, 9]","[1, 2, 1]",9,1,False,False
1,625,"[0, 0, 2]","[0, 1, 3]",2,3,False,False
1,626,"[3, 7, 9]","[2, 5, 0]",9,0,False,False
1,627,"[3, 7, 9]","[1, 3, 8]",9,8,False,False
1,628,"[0, 0, 2]","[0, 0, 2]",2,2,True,True
1,629,"[3, 7, 9]","[3, 7, 9]",9,9,True,True
1,630,"[3, 7, 9]","[1, 2, 5]",9,5,False,False
1,631,"[3, 7, 9]","[3, 7, 9]",9,9,True,True
1,632,"[0, 1, 3]","[0, 1, 3]",3,3,True,True
1,633,"[2, 6, 6]","[1, 2, 1]",6,1,False,False
1,634,"[2, 4, 4]","[2, 4, 4]",4,4,True,True
1,635,"[3, 7, 9]","[3, 7, 9]",9,9,True,True
1,636,"[3, 7, 9]","[2, 4, 4]",9,4,False,False
1,637,"[3, 7, 9]","[2, 5, 0]",9,0,False,False
1,638,"[0, 0, 2]","[0, 0, 2]",2,2,True,True
1,639,"[3, 7, 9]","[1, 2, 5]",9,5,False,False
1,640,"[3, 7, 9]","[2, 5, 0]",9,0,False,False
1,641,"[0, 0, 2]","[1, 3, 8]",2,8,False,False
1,642,"[3, 7, 9]","[1, 2, 5]",9,5,False,False
1,643,"[2, 4, 4]","[1, 2, 5]",4,5,False,False
1,644,"[3, 7, 9]","[1, 2, 5]",9,5,False,False
1,645,"[3, 7, 9]","[1, 2, 5]",9,5,False,False
1,646,"[3, 7, 9]","[0, 0, 2]",9,2,False,False
1,647,"[3, 7, 9]","[3, 7, 9]",9,9,True,True
1,648,"[2, 4, 4]","[2, 4, 4]",4,4,True,True
1,649,"[2, 6, 6]","[2, 4, 4]",6,4,False,False
1,650,"[0, 0, 2]","[0, 1, 3]",2,3,False,False
1,651,"[3, 7, 9]","[2, 5, 0]",9,0,False,False
1,652,"[3, 7, 9]","[2, 5, 0]",9,0,False,False
1,653,"[3, 7, 9]","[2, 5, 0]",9,0,False,False
1,654,"[3, 7, 9]","[0, 0, 2]",9,2,False,False
1,655,"[0, 0, 2]","[0, 1, 3]",2,3,False,False
1,656,"[3, 7, 9]","[1, 2, 5]",9,5,False,False
1,657,"[0, 0, 2]","[0, 0, 2]",2,2,True,True
1,658,"[3, 7, 9]","[1, 2, 5]",9,5,False,False
1,659,"[0, 0, 2]","[1, 3, 8]",2,8,False,False
1,660,"[3, 7, 9]","[2, 5, 0]",9,0,False,False
1,661,"[2, 4, 4]","[1, 2, 5]",4,5,False,False
1,662,"[3, 7, 9]","[1, 2, 5]",9,5,False,False
1,663,"[0, 0, 2]","[3, 7, 9]",2,9,False,False
1,664,"[3, 7, 9]","[1, 2, 5]",9,5,False,False
1,665,"[3, 7, 9]","[2, 5, 0]",9,0,False,False
1,666,"[3, 7, 9]","[2, 4, 4]",9,4,False,False
1,667,"[0, 1, 3]","[2, 4, 7]",3,7,False,False
1,668,"[0, 0, 2]","[3, 7, 9]",2,9,False,False
1,669,"[3, 7, 9]","[3, 7, 9]",9,9,True,True
1,670,"[3, 7, 9]","[1, 2, 5]",9,5,False,False
1,671,"[3, 7, 9]","[1, 3, 8]",9,8,False,False
1,672,"[3, 7, 9]","[2, 5, 0]",9,0,False,False
1,673,"[3, 7, 9]","[1, 2, 1]",9,1,False,False
1,674,"[3, 7, 9]","[0, 1, 3]",9,3,False,False
1,675,"[3, 7, 9]","[1, 2, 5]",9,5,False,False
1,676,"[2, 4, 4]","[2, 4, 7]",4,7,False,False
1,677,"[0, 0, 2]","[2, 4, 4]",2,4,False,False
1,678,"[2, 4, 4]","[2, 4, 7]",4,7,False,False
1,679,"[3, 7, 9]","[0, 1, 3]",9,3,False,False
1,680,"[0, 0, 2]","[1, 3, 8]",2,8,False,False
1,681,"[2, 4, 4]","[2, 4, 7]",4,7,False,False
1,682,"[0, 1, 3]","[0, 1, 3]",3,3,True,True
1,683,"[2, 4, 4]","[2, 4, 4]",4,4,True,True
1,684,"[3, 7, 9]","[3, 7, 9]",9,9,True,True
1,685,"[0, 1, 3]","[1, 2, 1]",3,1,False,False
1,686,"[0, 0, 2]","[0, 0, 2]",2,2,True,True
1,687,"[0, 0, 2]","[0, 0, 2]",2,2,True,True
1,688,"[3, 7, 9]","[1, 3, 8]",9,8,False,False
1,689,"[3, 7, 9]","[2, 5, 0]",9,0,False,False
1,690,"[3, 7, 9]","[3, 7, 9]",9,9,True,True
1,691,"[3, 7, 9]","[1, 3, 8]",9,8,False,False
1,692,"[3, 7, 9]","[1, 3, 8]",9,8,False,False
1,693,"[3, 7, 9]","[2, 5, 0]",9,0,False,False
1,694,"[3, 7, 9]","[3, 7, 9]",9,9,True,True
1,695,"[3, 7, 9]","[3, 7, 9]",9,9,True,True
1,696,"[0, 0, 2]","[0, 0, 2]",2,2,True,True
1,697,"[2, 4, 4]","[2, 4, 4]",4,4,True,True
1,698,"[3, 7, 9]","[2, 4, 4]",9,4,False,False
1,699,"[2, 4, 4]","[2, 4, 4]",4,4,True,True
1,700,"[0, 1, 3]","[1, 2, 1]",3,1,False,False
1,701,"[3, 7, 9]","[2, 5, 0]",9,0,False,False
1,702,"[3, 7, 9]","[0, 0, 2]",9,2,False,False
1,703,"[0, 0, 2]","[0, 1, 3]",2,3,False,False
1,704,"[0, 0, 2]","[1, 3, 8]",2,8,False,False
1,705,"[3, 7, 9]","[1, 3, 8]",9,8,False,False
1,706,"[3, 7, 9]","[1, 3, 8]",9,8,False,False
1,707,"[3, 7, 9]","[2, 5, 0]",9,0,False,False
1,708,"[0, 1, 3]","[2, 4, 7]",3,7,False,False
1,709,"[3, 7, 9]","[2, 5, 0]",9,0,False,False
1,710,"[0, 1, 3]","[2, 6, 6]",3,6,False,False
1,711,"[2, 4, 4]","[2, 4, 7]",4,7,False,False
1,712,"[0, 1, 3]","[0, 1, 3]",3,3,True,True
1,713,"[0, 0, 2]","[1, 3, 8]",2,8,False,False
1,714,"[0, 1, 3]","[2, 6, 6]",3,6,False,False
1,715,"[0, 0, 2]","[1, 3, 8]",2,8,False,False
1,716,"[0, 1, 3]","[0, 1, 3]",3,3,True,True
1,717,"[2, 4, 4]","[2, 4, 4]",4,4,True,True
1,718,"[3, 7, 9]","[0, 0, 2]",9,2,False,False
1,719,"[2, 4, 4]","[2, 4, 7]",4,7,False,False
1,720,"[3, 7, 9]","[2, 4, 4]",9,4,False,False
1,721,"[0, 1, 3]","[0, 1, 3]",3,3,True,True
1,722,"[3, 7, 9]","[2, 5, 0]",9,0,False,False
1,723,"[0, 1, 3]","[2, 6, 6]",3,6,False,False
1,724,"[2, 4, 4]","[2, 4, 7]",4,7,False,False
1,725,"[0, 1, 3]","[0, 1, 3]",3,3,True,True
1,726,"[3, 7, 9]","[3, 7, 9]",9,9,True,True
1,727,"[0, 0, 2]","[0, 1, 3]",2,3,False,False
1,728,"[3, 7, 9]","[1, 3, 8]",9,8,False,False
1,729,"[3, 7, 9]","[1, 3, 8]",9,8,False,False
1,730,"[3, 7, 9]","[0, 0, 2]",9,2,False,False
1,731,"[3, 7, 9]","[3, 7, 9]",9,9,True,True
1,732,"[0, 1, 3]","[2, 4, 7]",3,7,False,False
1,733,"[3, 7, 9]","[3, 7, 9]",9,9,True,True
1,734,"[3, 7, 9]","[0, 0, 2]",9,2,False,False
1,735,"[3, 7, 9]","[0, 1, 3]",9,3,False,False
1,736,"[3, 7, 9]","[3, 7, 9]",9,9,True,True
1,737,"[3, 7, 9]","[3, 7, 9]",9,9,True,True
1,738,"[0, 0, 2]","[0, 0, 2]",2,2,True,True
1,739,"[3, 7, 9]","[2, 5, 0]",9,0,False,False
1,740,"[3, 7, 9]","[3, 7, 9]",9,9,True,True
1,741,"[3, 7, 9]","[1, 2, 5]",9,5,False,False
1,742,"[3, 7, 9]","[3, 7, 9]",9,9,True,True
1,743,"[0, 0, 2]","[3, 7, 9]",2,9,False,False
1,744,"[3, 7, 9]","[1, 3, 8]",9,8,False,False
1,745,"[3, 7, 9]","[0, 0, 2]",9,2,False,False
1,746,"[3, 7, 9]","[1, 3, 8]",9,8,False,False
1,747,"[0, 0, 2]","[0, 0, 2]",2,2,True,True
1,748,"[3, 7, 9]","[3, 7, 9]",9,9,True,True
1,749,"[3, 7, 9]","[3, 7, 9]",9,9,True,True
1,750,"[3, 7, 9]","[2, 5, 0]",9,0,False,False
1,751,"[3, 7, 9]","[2, 4, 4]",9,4,False,False
1,752,"[0, 1, 3]","[1, 2, 1]",3,1,False,False
1,753,"[2, 4, 4]","[2, 4, 4]",4,4,True,True
1,754,"[3, 7, 9]","[0, 0, 2]",9,2,False,False
1,755,"[0, 0, 2]","[1, 3, 8]",2,8,False,False
1,756,"[0, 1, 3]","[1, 2, 1]",3,1,False,False
1,757,"[0, 0, 2]","[1, 3, 8]",2,8,False,False
1,758,"[0, 1, 3]","[2, 4, 4]",3,4,False,False
1,759,"[3, 7, 9]","[2, 4, 4]",9,4,False,False
1,760,"[3, 7, 9]","[3, 7, 9]",9,9,True,True
1,761,"[3, 7, 9]","[3, 7, 9]",9,9,True,True
1,762,"[0, 0, 2]","[3, 7, 9]",2,9,False,False
1,763,"[0, 0, 2]","[1, 3, 8]",2,8,False,False
1,764,"[3, 7, 9]","[1, 3, 8]",9,8,False,False
1,765,"[3, 7, 9]","[2, 5, 0]",9,0,False,False
1,766,"[3, 7, 9]","[1, 2, 5]",9,5,False,False
1,767,"[0, 0, 2]","[0, 0, 2]",2,2,True,True
1,768,"[3, 7, 9]","[3, 7, 9]",9,9,True,True
1,769,"[3, 7, 9]","[1, 3, 8]",9,8,False,False
1,770,"[2, 4, 4]","[2, 4, 4]",4,4,True,True
1,771,"[0, 1, 3]","[1, 2, 1]",3,1,False,False
1,772,"[0, 0, 2]","[0, 1, 3]",2,3,False,False
1,773,"[0, 0, 2]","[0, 1, 3]",2,3,False,False
1,774,"[0, 1, 3]","[1, 3, 8]",3,8,False,False
1,775,"[3, 7, 9]","[3, 7, 9]",9,9,True,True
1,776,"[3, 7, 9]","[1, 2, 5]",9,5,False,False
1,777,"[2, 4, 4]","[2, 4, 4]",4,4,True,True
1,778,"[0, 1, 3]","[0, 1, 3]",3,3,True,True
1,779,"[2, 4, 4]","[2, 4, 4]",4,4,True,True
1,780,"[0, 1, 3]","[2, 6, 6]",3,6,False,False
1,781,"[3, 7, 9]","[0, 0, 2]",9,2,False,False
1,782,"[3, 7, 9]","[2, 4, 4]",9,4,False,False
1,783,"[2, 4, 4]","[2, 4, 7]",4,7,False,False
1,784,"[2, 4, 4]","[2, 4, 4]",4,4,True,True
1,785,"[3, 7, 9]","[1, 2, 5]",9,5,False,False
1,786,"[3, 7, 9]","[0, 1, 3]",9,3,False,False
1,787,"[3, 7, 9]","[3, 7, 9]",9,9,True,True
1,788,"[2, 4, 4]","[2, 4, 7]",4,7,False,False
1,789,"[3, 7, 9]","[1, 3, 8]",9,8,False,False
1,790,"[3, 7, 9]","[0, 0, 2]",9,2,False,False
1,791,"[3, 7, 9]","[3, 7, 9]",9,9,True,True
1,792,"[3, 7, 9]","[0, 0, 2]",9,2,False,False
1,793,"[3, 7, 9]","[1, 2, 5]",9,5,False,False
1,794,"[3, 7, 9]","[2, 5, 0]",9,0,False,False
1,795,"[3, 7, 9]","[1, 3, 8]",9,8,False,False
1,796,"[0, 0, 2]","[1, 3, 8]",2,8,False,False
1,797,"[0, 1, 3]","[2, 4, 7]",3,7,False,False
1,798,"[3, 7, 9]","[2, 4, 4]",9,4,False,False
1,799,"[0, 1, 3]","[0, 1, 3]",3,3,True,True
1,800,"[0, 0, 2]","[1, 3, 8]",2,8,False,False
1,801,"[0, 1, 3]","[2, 4, 7]",3,7,False,False
1,802,"[0, 0, 2]","[1, 3, 8]",2,8,False,False
1,803,"[3, 7, 9]","[2, 5, 0]",9,0,False,False
1,804,"[0, 1, 3]","[0, 1, 3]",3,3,True,True
1,805,"[3, 7, 9]","[3, 7, 9]",9,9,True,True
1,806,"[0, 0, 2]","[1, 3, 8]",2,8,False,False
1,807,"[2, 4, 4]","[2, 4, 7]",4,7,False,False
1,808,"[3, 7, 9]","[1, 3, 8]",9,8,False,False
1,809,"[3, 7, 9]","[0, 0, 2]",9,2,False,False
1,810,"[2, 4, 4]","[2, 4, 7]",4,7,False,False
1,811,"[3, 7, 9]","[3, 7, 9]",9,9,True,True
1,812,"[3, 7, 9]","[1, 2, 5]",9,5,False,False
1,813,"[3, 7, 9]","[1, 3, 8]",9,8,False,False
1,814,"[0, 0, 2]","[0, 1, 3]",2,3,False,False
1,815,"[0, 1, 3]","[2, 6, 6]",3,6,False,False
1,816,"[3, 7, 9]","[1, 2, 1]",9,1,False,False
1,817,"[3, 7, 9]","[1, 2, 5]",9,5,False,False
1,818,"[2, 4, 4]","[2, 4, 4]",4,4,True,True
1,819,"[3, 7, 9]","[0, 0, 2]",9,2,False,False
1,820,"[3, 7, 9]","[3, 7, 9]",9,9,True,True
1,821,"[3, 7, 9]","[0, 0, 2]",9,2,False,False
1,822,"[3, 7, 9]","[3, 7, 9]",9,9,True,True
1,823,"[3, 7, 9]","[1, 2, 1]",9,1,False,False
1,824,"[0, 1, 3]","[2, 6, 6]",3,6,False,False
1,825,"[0, 0, 2]","[0, 1, 3]",2,3,False,False
1,826,"[3, 7, 9]","[1, 3, 8]",9,8,False,False
1,827,"[3, 7, 9]","[1, 2, 5]",9,5,False,False
1,828,"[3, 7, 9]","[0, 0, 2]",9,2,False,False
1,829,"[3, 7, 9]","[2, 5, 0]",9,0,False,False
1,830,"[3, 7, 9]","[3, 7, 9]",9,9,True,True
1,831,"[3, 7, 9]","[1, 3, 8]",9,8,False,False
1,832,"[0, 0, 2]","[1, 3, 8]",2,8,False,False
1,833,"[3, 7, 9]","[2, 5, 0]",9,0,False,False
1,834,"[0, 0, 2]","[1, 3, 8]",2,8,False,False
1,835,"[2, 4, 4]","[2, 4, 4]",4,4,True,True
1,836,"[0, 0, 2]","[0, 0, 2]",2,2,True,True
